C:\Users\USUARIO\Documents\tradebot-master\tradebot-master\resultsnw50/ABbAkUXUPDjbrldf.png,0

C:\Users\USUARIO\Documents\tradebot-master\tradebot-master\resultsnw50/aCsPqyoMjVjExzMh.png,2

C:\Users\USUARIO\Documents\tradebot-master\tradebot-master\resultsnw50/aFNxvXgUlOCnbSuq.png,2

C:\Users\USUARIO\Documents\tradebot-master\tradebot-master\resultsnw50/aGDPKOmiKWVXvMgQ.png,2

C:\Users\USUARIO\Documents\tradebot-master\tradebot-master\resultsnw50/aGQwsbbEbtwDDcPU.png,2

C:\Users\USUARIO\Documents\tradebot-master\tradebot-master\resultsnw50/ajedXjGeMtxYDgHB.png,1

C:\Users\USUARIO\Documents\tradebot-master\tradebot-master\resultsnw50/aKbhYkgpsdQytSuV.png,1

C:\Users\USUARIO\Documents\tradebot-master\tradebot-master\resultsnw50/akENPNrHAejAGuWl.png,0

C:\Users\USUARIO\Documents\tradebot-master\tradebot-master\resultsnw50/aKUbhCerZRTYOBtU.png,2

C:\Users\USUARIO\Documents\tradebot-master\tradebot-master\resultsnw50/AnuSeTJcfBvGycgJ.png,2

C:\Users\USUARIO\Documents\tradebot-master\tradebot-master\resultsnw50/AqHNHfAgVSxnxMJh.png,2

C:\Users\USUARIO\Documents\tradebot-master\tradebot-master\resultsnw50/aQKWAmEjpTyLrhQa.png,1

C:\Users\USUARIO\Documents\tradebot-master\tradebot-master\resultsnw50/aQqgfomVAsjKxbbB.png,0

C:\Users\USUARIO\Documents\tradebot-master\tradebot-master\resultsnw50/ArbdetEtsymAjLLn.png,0

C:\Users\USUARIO\Documents\tradebot-master\tradebot-master\resultsnw50/ARBmRzRxpRTYrKjE.png,2

C:\Users\USUARIO\Documents\tradebot-master\tradebot-master\resultsnw50/ArqMcTkSksSTMgSp.png,0

C:\Users\USUARIO\Documents\tradebot-master\tradebot-master\resultsnw50/aRXUqOgUjsfhXCWs.png,2

C:\Users\USUARIO\Documents\tradebot-master\tradebot-master\resultsnw50/asFwTEmTuYzbVZZH.png,0

C:\Users\USUARIO\Documents\tradebot-master\tradebot-master\resultsnw50/AsjKruOUzxsdUvhm.png,0

C:\Users\USUARIO\Documents\tradebot-master\tradebot-master\resultsnw50/atEDtoLkIzXboRJs.png,0

C:\Users\USUARIO\Documents\tradebot-master\tradebot-master\resultsnw50/auEoDzlEQpEqrHoK.png,0

C:\Users\USUARIO\Documents\tradebot-master\tradebot-master\resultsnw50/AWuGrXxQVFNlKDWv.png,1

C:\Users\USUARIO\Documents\tradebot-master\tradebot-master\resultsnw50/AzMVhcEzvjREAmdg.png,2

C:\Users\USUARIO\Documents\tradebot-master\tradebot-master\resultsnw50/bAGLbsEHcKBrdGHU.png,0

C:\Users\USUARIO\Documents\tradebot-master\tradebot-master\resultsnw50/BBMREfeDKYzSuMss.png,2

C:\Users\USUARIO\Documents\tradebot-master\tradebot-master\resultsnw50/BCDOdGhkQaJyHVEr.png,2

C:\Users\USUARIO\Documents\tradebot-master\tradebot-master\resultsnw50/BIBKmzbVKdCaKWdn.png,1

C:\Users\USUARIO\Documents\tradebot-master\tradebot-master\resultsnw50/BjuyTuBNXsTxhHnE.png,1

C:\Users\USUARIO\Documents\tradebot-master\tradebot-master\resultsnw50/bjZsXoziwpaKxbDX.png,1

C:\Users\USUARIO\Documents\tradebot-master\tradebot-master\resultsnw50/BKwfezVLHVnhxZYb.png,2

C:\Users\USUARIO\Documents\tradebot-master\tradebot-master\resultsnw50/BMEegVHnPgaQrFHL.png,2

C:\Users\USUARIO\Documents\tradebot-master\tradebot-master\resultsnw50/bQtlnfFHTEmNbijF.png,0

C:\Users\USUARIO\Documents\tradebot-master\tradebot-master\resultsnw50/BXJaYyvmInRSCdSv.png,2

C:\Users\USUARIO\Documents\tradebot-master\tradebot-master\resultsnw50/bxOvZaqfvzLfAfvM.png,0

C:\Users\USUARIO\Documents\tradebot-master\tradebot-master\resultsnw50/byVAkPWbsqyHbyYS.png,2

C:\Users\USUARIO\Documents\tradebot-master\tradebot-master\resultsnw50/cAVMRgdkcfcastAu.png,2

C:\Users\USUARIO\Documents\tradebot-master\tradebot-master\resultsnw50/cdnkkVBwMeuVSrVS.png,0

C:\Users\USUARIO\Documents\tradebot-master\tradebot-master\resultsnw50/cebZhgSNhREnvQVu.png,0

C:\Users\USUARIO\Documents\tradebot-master\tradebot-master\resultsnw50/CeKrJlTZelOJHEhn.png,0

C:\Users\USUARIO\Documents\tradebot-master\tradebot-master\resultsnw50/cEMXsEKZaAJoaaFv.png,0

C:\Users\USUARIO\Documents\tradebot-master\tradebot-master\resultsnw50/cEufahPjmOjQjKNR.png,1

C:\Users\USUARIO\Documents\tradebot-master\tradebot-master\resultsnw50/CFJNCqxLQBOUxpzF.png,1

C:\Users\USUARIO\Documents\tradebot-master\tradebot-master\resultsnw50/cgCiJlsBxUiwxDTN.png,0

C:\Users\USUARIO\Documents\tradebot-master\tradebot-master\resultsnw50/cGjnHwEwpvtoOiPV.png,2

C:\Users\USUARIO\Documents\tradebot-master\tradebot-master\resultsnw50/CgNKaaQPynHhttPf.png,1

C:\Users\USUARIO\Documents\tradebot-master\tradebot-master\resultsnw50/CIFrfNrNHmLVjwmT.png,2

C:\Users\USUARIO\Documents\tradebot-master\tradebot-master\resultsnw50/cKapfygChqiLdOrI.png,1

C:\Users\USUARIO\Documents\tradebot-master\tradebot-master\resultsnw50/CkhkCDlcBNfwoHrZ.png,2

C:\Users\USUARIO\Documents\tradebot-master\tradebot-master\resultsnw50/clISwZoLqtKbkuva.png,2

C:\Users\USUARIO\Documents\tradebot-master\tradebot-master\resultsnw50/cLskuFnIyVAEyfaO.png,2

C:\Users\USUARIO\Documents\tradebot-master\tradebot-master\resultsnw50/CPxhHglLpWsXOHIb.png,0

C:\Users\USUARIO\Documents\tradebot-master\tradebot-master\resultsnw50/cqFcmfsHYuOktoSU.png,2

C:\Users\USUARIO\Documents\tradebot-master\tradebot-master\resultsnw50/CqxIiZOpuDMxftYT.png,1

C:\Users\USUARIO\Documents\tradebot-master\tradebot-master\resultsnw50/CrRbRjzffwpNrrPb.png,1

C:\Users\USUARIO\Documents\tradebot-master\tradebot-master\resultsnw50/csKsTteGATUjuIIC.png,2

C:\Users\USUARIO\Documents\tradebot-master\tradebot-master\resultsnw50/CSoytRUXZBHMuFxg.png,1

C:\Users\USUARIO\Documents\tradebot-master\tradebot-master\resultsnw50/cTKvbhBGBOATGQIF.png,0

C:\Users\USUARIO\Documents\tradebot-master\tradebot-master\resultsnw50/CtWiuNPqVAWRKEps.png,2

C:\Users\USUARIO\Documents\tradebot-master\tradebot-master\resultsnw50/cVuPfrhxFuvtaezK.png,1

C:\Users\USUARIO\Documents\tradebot-master\tradebot-master\resultsnw50/cVvtsNzIurmNpSaf.png,2

C:\Users\USUARIO\Documents\tradebot-master\tradebot-master\resultsnw50/CZCKrxtXkrzdgFSI.png,1

C:\Users\USUARIO\Documents\tradebot-master\tradebot-master\resultsnw50/dApXwgZZYuVrzTWE.png,2

C:\Users\USUARIO\Documents\tradebot-master\tradebot-master\resultsnw50/deIWbCyULQmSVAfT.png,2

C:\Users\USUARIO\Documents\tradebot-master\tradebot-master\resultsnw50/DgenzJCRFhxuoSYb.png,2

C:\Users\USUARIO\Documents\tradebot-master\tradebot-master\resultsnw50/dgIyaowySEcELeDI.png,2

C:\Users\USUARIO\Documents\tradebot-master\tradebot-master\resultsnw50/diAKEyLPYjUNLgtq.png,1

C:\Users\USUARIO\Documents\tradebot-master\tradebot-master\resultsnw50/djAkCDhYvEznQIyC.png,0

C:\Users\USUARIO\Documents\tradebot-master\tradebot-master\resultsnw50/dmMHVyhpLtxluFxD.png,1

C:\Users\USUARIO\Documents\tradebot-master\tradebot-master\resultsnw50/DpuLjeJTWwOJNVaP.png,2

C:\Users\USUARIO\Documents\tradebot-master\tradebot-master\resultsnw50/dRYtfGKGXVQNplXp.png,1

C:\Users\USUARIO\Documents\tradebot-master\tradebot-master\resultsnw50/DSJEWlAykFzYkfBR.png,2

C:\Users\USUARIO\Documents\tradebot-master\tradebot-master\resultsnw50/dsKBkSMvPYlxtihU.png,1

C:\Users\USUARIO\Documents\tradebot-master\tradebot-master\resultsnw50/dtaIdBlvCKJnSyFh.png,2

C:\Users\USUARIO\Documents\tradebot-master\tradebot-master\resultsnw50/dToSSwqjHshRQoxn.png,0

C:\Users\USUARIO\Documents\tradebot-master\tradebot-master\resultsnw50/DtVuzHzFKyuwgTaM.png,0

C:\Users\USUARIO\Documents\tradebot-master\tradebot-master\resultsnw50/DUfdboHOkrobzrUu.png,2

C:\Users\USUARIO\Documents\tradebot-master\tradebot-master\resultsnw50/duhPrXBZiewmyJYk.png,2

C:\Users\USUARIO\Documents\tradebot-master\tradebot-master\resultsnw50/DVWEffVpkrlaTPoy.png,2

C:\Users\USUARIO\Documents\tradebot-master\tradebot-master\resultsnw50/dyqMhgmzkzCobPgL.png,1

C:\Users\USUARIO\Documents\tradebot-master\tradebot-master\resultsnw50/dZCLJIXeIaHPjbPo.png,1

C:\Users\USUARIO\Documents\tradebot-master\tradebot-master\resultsnw50/DzjABHDItvzYyIBv.png,0

C:\Users\USUARIO\Documents\tradebot-master\tradebot-master\resultsnw50/EaaahpHJNCTiIwAu.png,2

C:\Users\USUARIO\Documents\tradebot-master\tradebot-master\resultsnw50/eauflTJZXEPjxHpT.png,2

C:\Users\USUARIO\Documents\tradebot-master\tradebot-master\resultsnw50/ecyCtaKgCAibYNOu.png,1

C:\Users\USUARIO\Documents\tradebot-master\tradebot-master\resultsnw50/eDyFCxxzSKkyMPXZ.png,0

C:\Users\USUARIO\Documents\tradebot-master\tradebot-master\resultsnw50/eElXCBTdVEkcNztl.png,1

C:\Users\USUARIO\Documents\tradebot-master\tradebot-master\resultsnw50/eETPOVGbMmiGXsSo.png,1

C:\Users\USUARIO\Documents\tradebot-master\tradebot-master\resultsnw50/efabDoeXPhJqtaGZ.png,1

C:\Users\USUARIO\Documents\tradebot-master\tradebot-master\resultsnw50/eFjAovAfUXRHxGJE.png,0

C:\Users\USUARIO\Documents\tradebot-master\tradebot-master\resultsnw50/egPKWOjRWhrntpSA.png,1

C:\Users\USUARIO\Documents\tradebot-master\tradebot-master\resultsnw50/eHgfArevOhydnmfa.png,1

C:\Users\USUARIO\Documents\tradebot-master\tradebot-master\resultsnw50/EIhYwUmbJyUOphQo.png,2

C:\Users\USUARIO\Documents\tradebot-master\tradebot-master\resultsnw50/EiXMWakCRxSSyWzz.png,0

C:\Users\USUARIO\Documents\tradebot-master\tradebot-master\resultsnw50/ekbCtZtoguUFzFyT.png,1

C:\Users\USUARIO\Documents\tradebot-master\tradebot-master\resultsnw50/EkoDakWsTDRjdicl.png,2

C:\Users\USUARIO\Documents\tradebot-master\tradebot-master\resultsnw50/eKRnZjscOmIczOMz.png,2

C:\Users\USUARIO\Documents\tradebot-master\tradebot-master\resultsnw50/eKrsANhcuEDkqyua.png,2

C:\Users\USUARIO\Documents\tradebot-master\tradebot-master\resultsnw50/eNlLmSepxuncsItL.png,0

C:\Users\USUARIO\Documents\tradebot-master\tradebot-master\resultsnw50/EOBzFMvmuFCapyvz.png,1

C:\Users\USUARIO\Documents\tradebot-master\tradebot-master\resultsnw50/eqzJqCSxFkLqjoJZ.png,2

C:\Users\USUARIO\Documents\tradebot-master\tradebot-master\resultsnw50/eRCdKrTPkIMmuySb.png,0

C:\Users\USUARIO\Documents\tradebot-master\tradebot-master\resultsnw50/eRenOwHptVYZCkeJ.png,1

C:\Users\USUARIO\Documents\tradebot-master\tradebot-master\resultsnw50/ErisWwXzDDRIdyKa.png,0

C:\Users\USUARIO\Documents\tradebot-master\tradebot-master\resultsnw50/EsaFimKCFSXKpJaU.png,2

C:\Users\USUARIO\Documents\tradebot-master\tradebot-master\resultsnw50/esNEksfPJBlAGbOC.png,2

C:\Users\USUARIO\Documents\tradebot-master\tradebot-master\resultsnw50/eXgnHtwBovJfURIM.png,0

C:\Users\USUARIO\Documents\tradebot-master\tradebot-master\resultsnw50/ExOmgRSTUdzJEJqu.png,0

C:\Users\USUARIO\Documents\tradebot-master\tradebot-master\resultsnw50/ExyIThxlFTZMFqXl.png,2

C:\Users\USUARIO\Documents\tradebot-master\tradebot-master\resultsnw50/ezWJDCkYqizdZaJB.png,2

C:\Users\USUARIO\Documents\tradebot-master\tradebot-master\resultsnw50/fbGRgRGRjtElXeEW.png,1

C:\Users\USUARIO\Documents\tradebot-master\tradebot-master\resultsnw50/FbtTeMITRKMdJEhA.png,2

C:\Users\USUARIO\Documents\tradebot-master\tradebot-master\resultsnw50/fcAiJaVADcPBTyjb.png,1

C:\Users\USUARIO\Documents\tradebot-master\tradebot-master\resultsnw50/fCDTJuIWgkwbXYow.png,0

C:\Users\USUARIO\Documents\tradebot-master\tradebot-master\resultsnw50/FcuKbbUIUemtOiuc.png,2

C:\Users\USUARIO\Documents\tradebot-master\tradebot-master\resultsnw50/ffjGgUEIHzvgFVTR.png,1

C:\Users\USUARIO\Documents\tradebot-master\tradebot-master\resultsnw50/FggnlHidRYzHtdst.png,2

C:\Users\USUARIO\Documents\tradebot-master\tradebot-master\resultsnw50/fgRueWCcPAgHPDRs.png,0

C:\Users\USUARIO\Documents\tradebot-master\tradebot-master\resultsnw50/fgYcANrSvlkDJeeg.png,0

C:\Users\USUARIO\Documents\tradebot-master\tradebot-master\resultsnw50/fHjYqvVfMNDzYoYH.png,0

C:\Users\USUARIO\Documents\tradebot-master\tradebot-master\resultsnw50/FkVBKVPUPaADToom.png,0

C:\Users\USUARIO\Documents\tradebot-master\tradebot-master\resultsnw50/fpBgKjdeedfvOXoI.png,0

C:\Users\USUARIO\Documents\tradebot-master\tradebot-master\resultsnw50/fuRXRgXQPqQCBnYU.png,0

C:\Users\USUARIO\Documents\tradebot-master\tradebot-master\resultsnw50/fuzfwvEmgHQKwOve.png,1

C:\Users\USUARIO\Documents\tradebot-master\tradebot-master\resultsnw50/GBzKpVzjUANrJWhu.png,2

C:\Users\USUARIO\Documents\tradebot-master\tradebot-master\resultsnw50/GdeTqngaEHcIdnJb.png,2

C:\Users\USUARIO\Documents\tradebot-master\tradebot-master\resultsnw50/GDsNDsVIIPRHZljk.png,1

C:\Users\USUARIO\Documents\tradebot-master\tradebot-master\resultsnw50/GGVNmwCgPePELKNX.png,0

C:\Users\USUARIO\Documents\tradebot-master\tradebot-master\resultsnw50/GHoJexnFDweDQGAe.png,2

C:\Users\USUARIO\Documents\tradebot-master\tradebot-master\resultsnw50/gihrjzsKWubMJYyG.png,2

C:\Users\USUARIO\Documents\tradebot-master\tradebot-master\resultsnw50/GJMAeOBGgcLRUmSk.png,0

C:\Users\USUARIO\Documents\tradebot-master\tradebot-master\resultsnw50/gJsedFSYAfVaziiW.png,1

C:\Users\USUARIO\Documents\tradebot-master\tradebot-master\resultsnw50/GKAoMztpUcSyXUAj.png,2

C:\Users\USUARIO\Documents\tradebot-master\tradebot-master\resultsnw50/GknfUOSKyELStVIR.png,0

C:\Users\USUARIO\Documents\tradebot-master\tradebot-master\resultsnw50/GmXrgPzUWDenHTub.png,0

C:\Users\USUARIO\Documents\tradebot-master\tradebot-master\resultsnw50/GNDjlbyaxPwmgZQe.png,0

C:\Users\USUARIO\Documents\tradebot-master\tradebot-master\resultsnw50/GNfEdZqLekaodgCJ.png,2

C:\Users\USUARIO\Documents\tradebot-master\tradebot-master\resultsnw50/GnkpOYlgkexhmsLy.png,2

C:\Users\USUARIO\Documents\tradebot-master\tradebot-master\resultsnw50/GOgKXDtKaOisSVqb.png,1

C:\Users\USUARIO\Documents\tradebot-master\tradebot-master\resultsnw50/gplaYJeoeMixqwbH.png,1

C:\Users\USUARIO\Documents\tradebot-master\tradebot-master\resultsnw50/GPpjxApmbKVVDnKT.png,2

C:\Users\USUARIO\Documents\tradebot-master\tradebot-master\resultsnw50/GRDeqSlETpCfgHBS.png,0

C:\Users\USUARIO\Documents\tradebot-master\tradebot-master\resultsnw50/gskiRrRBrtInDMfC.png,1

C:\Users\USUARIO\Documents\tradebot-master\tradebot-master\resultsnw50/GyakdLnQZkyhAqNV.png,0

C:\Users\USUARIO\Documents\tradebot-master\tradebot-master\resultsnw50/gzvMNqbnmeYYkDbx.png,2

C:\Users\USUARIO\Documents\tradebot-master\tradebot-master\resultsnw50/HAiEMzkGdibKfOch.png,0

C:\Users\USUARIO\Documents\tradebot-master\tradebot-master\resultsnw50/hArRyjvIfQQxzqlg.png,0

C:\Users\USUARIO\Documents\tradebot-master\tradebot-master\resultsnw50/hCiBeQiKmeUApOwY.png,1

C:\Users\USUARIO\Documents\tradebot-master\tradebot-master\resultsnw50/HfgALTVSVZVQRMNf.png,2

C:\Users\USUARIO\Documents\tradebot-master\tradebot-master\resultsnw50/HfTrRzBMKRiUrTyb.png,1

C:\Users\USUARIO\Documents\tradebot-master\tradebot-master\resultsnw50/HGylPwCcMZRxnBfM.png,2

C:\Users\USUARIO\Documents\tradebot-master\tradebot-master\resultsnw50/hhwmACPskmuoSiwS.png,1

C:\Users\USUARIO\Documents\tradebot-master\tradebot-master\resultsnw50/HhznwDuiZccyJcps.png,0

C:\Users\USUARIO\Documents\tradebot-master\tradebot-master\resultsnw50/hjcxSESuToetbZVI.png,2

C:\Users\USUARIO\Documents\tradebot-master\tradebot-master\resultsnw50/hLOrUvrUdtQWJEzt.png,2

C:\Users\USUARIO\Documents\tradebot-master\tradebot-master\resultsnw50/HmEqBeiPbdQzfRoe.png,2

C:\Users\USUARIO\Documents\tradebot-master\tradebot-master\resultsnw50/HoCeNDddvItURjKx.png,2

C:\Users\USUARIO\Documents\tradebot-master\tradebot-master\resultsnw50/HosFnXmHQoAfdbFZ.png,2

C:\Users\USUARIO\Documents\tradebot-master\tradebot-master\resultsnw50/hQEQlWAbjXPuLFEj.png,2

C:\Users\USUARIO\Documents\tradebot-master\tradebot-master\resultsnw50/hqJZisLcQCtzjpOo.png,2

C:\Users\USUARIO\Documents\tradebot-master\tradebot-master\resultsnw50/HRdSfZTjgIMuKdBD.png,1

C:\Users\USUARIO\Documents\tradebot-master\tradebot-master\resultsnw50/hTcdMUFHuWwfncqT.png,2

C:\Users\USUARIO\Documents\tradebot-master\tradebot-master\resultsnw50/HumjPevsZLcTvwzm.png,2

C:\Users\USUARIO\Documents\tradebot-master\tradebot-master\resultsnw50/HVVowSAXZseiYsqG.png,0

C:\Users\USUARIO\Documents\tradebot-master\tradebot-master\resultsnw50/HWJCWtPZgofcbmpJ.png,2

C:\Users\USUARIO\Documents\tradebot-master\tradebot-master\resultsnw50/hYbmcuIKtWtbgUxp.png,2

C:\Users\USUARIO\Documents\tradebot-master\tradebot-master\resultsnw50/hYfqjNcPWPqXHOXm.png,2

C:\Users\USUARIO\Documents\tradebot-master\tradebot-master\resultsnw50/hyJnoGbQJuQAcPaE.png,0

C:\Users\USUARIO\Documents\tradebot-master\tradebot-master\resultsnw50/hZsXLMYHSkYPrKBg.png,2

C:\Users\USUARIO\Documents\tradebot-master\tradebot-master\resultsnw50/ibkODkAhBVCnlABj.png,0

C:\Users\USUARIO\Documents\tradebot-master\tradebot-master\resultsnw50/iCcTMYTDbZpLBURP.png,0

C:\Users\USUARIO\Documents\tradebot-master\tradebot-master\resultsnw50/iDNIwvnsFECXXpsO.png,2

C:\Users\USUARIO\Documents\tradebot-master\tradebot-master\resultsnw50/iGjUmuNqHuzWPcSy.png,1

C:\Users\USUARIO\Documents\tradebot-master\tradebot-master\resultsnw50/igJunpxXwlJcGqaX.png,2

C:\Users\USUARIO\Documents\tradebot-master\tradebot-master\resultsnw50/IImFiUNcVdKzQMuX.png,0

C:\Users\USUARIO\Documents\tradebot-master\tradebot-master\resultsnw50/ijcBcaJVLtFHrSSu.png,1

C:\Users\USUARIO\Documents\tradebot-master\tradebot-master\resultsnw50/iJlaPwhtHuiwUpbx.png,0

C:\Users\USUARIO\Documents\tradebot-master\tradebot-master\resultsnw50/ikfKnsDwQrxtvWDW.png,1

C:\Users\USUARIO\Documents\tradebot-master\tradebot-master\resultsnw50/ikvVvYhvKtKefjqQ.png,0

C:\Users\USUARIO\Documents\tradebot-master\tradebot-master\resultsnw50/IMRzWudYAHdmbFYW.png,2

C:\Users\USUARIO\Documents\tradebot-master\tradebot-master\resultsnw50/inFKQbowXuCxxqLR.png,0

C:\Users\USUARIO\Documents\tradebot-master\tradebot-master\resultsnw50/InVHmFFyftUbbyyf.png,1

C:\Users\USUARIO\Documents\tradebot-master\tradebot-master\resultsnw50/IQvlTXKESSBtSToL.png,0

C:\Users\USUARIO\Documents\tradebot-master\tradebot-master\resultsnw50/ISeWwDpwRNiGqtQV.png,0

C:\Users\USUARIO\Documents\tradebot-master\tradebot-master\resultsnw50/ishMROqtAHwJiFTw.png,1

C:\Users\USUARIO\Documents\tradebot-master\tradebot-master\resultsnw50/iSqBYhMYUKOebBLm.png,2

C:\Users\USUARIO\Documents\tradebot-master\tradebot-master\resultsnw50/ItOPMLEYOcpFLYPs.png,0

C:\Users\USUARIO\Documents\tradebot-master\tradebot-master\resultsnw50/IWGoBucKfFvRixxc.png,0

C:\Users\USUARIO\Documents\tradebot-master\tradebot-master\resultsnw50/JAXfWItEBaMeYwLo.png,0

C:\Users\USUARIO\Documents\tradebot-master\tradebot-master\resultsnw50/JBfFFiSgAvlHQuBj.png,2

C:\Users\USUARIO\Documents\tradebot-master\tradebot-master\resultsnw50/JCucNIkUKrWtGCcI.png,0

C:\Users\USUARIO\Documents\tradebot-master\tradebot-master\resultsnw50/JEyyzLTTQjjOdJBk.png,1

C:\Users\USUARIO\Documents\tradebot-master\tradebot-master\resultsnw50/jFWbnARbHOPjtnmL.png,0

C:\Users\USUARIO\Documents\tradebot-master\tradebot-master\resultsnw50/jhjdFBIJjluCdiDe.png,2

C:\Users\USUARIO\Documents\tradebot-master\tradebot-master\resultsnw50/jhSxHlmaGbWosblo.png,0

C:\Users\USUARIO\Documents\tradebot-master\tradebot-master\resultsnw50/JHvlEOtzSHwxpvtl.png,0

C:\Users\USUARIO\Documents\tradebot-master\tradebot-master\resultsnw50/JlPzywdcOvudvxSA.png,1

C:\Users\USUARIO\Documents\tradebot-master\tradebot-master\resultsnw50/jOmPWNfKZkEodhDI.png,0

C:\Users\USUARIO\Documents\tradebot-master\tradebot-master\resultsnw50/jRoJwwvsuQsKLWKN.png,2

C:\Users\USUARIO\Documents\tradebot-master\tradebot-master\resultsnw50/JsEJhgmszrZlTEep.png,2

C:\Users\USUARIO\Documents\tradebot-master\tradebot-master\resultsnw50/jSgSURQTZWKeYynX.png,0

C:\Users\USUARIO\Documents\tradebot-master\tradebot-master\resultsnw50/jSPFoDXuUHKICWAF.png,2

C:\Users\USUARIO\Documents\tradebot-master\tradebot-master\resultsnw50/juuedkfayzrVuIcx.png,1

C:\Users\USUARIO\Documents\tradebot-master\tradebot-master\resultsnw50/jwYJSTmnVZrTllxU.png,0

C:\Users\USUARIO\Documents\tradebot-master\tradebot-master\resultsnw50/jXcPoEMageMEZHxo.png,1

C:\Users\USUARIO\Documents\tradebot-master\tradebot-master\resultsnw50/jyKxZWEOWytKqGtc.png,2

C:\Users\USUARIO\Documents\tradebot-master\tradebot-master\resultsnw50/JyvyvZAtPRSLSAuh.png,0

C:\Users\USUARIO\Documents\tradebot-master\tradebot-master\resultsnw50/kCCIZKteghAFKSQR.png,2

C:\Users\USUARIO\Documents\tradebot-master\tradebot-master\resultsnw50/KdjezIiPpfHTmvWb.png,1

C:\Users\USUARIO\Documents\tradebot-master\tradebot-master\resultsnw50/kggBYycopRYJCDHA.png,0

C:\Users\USUARIO\Documents\tradebot-master\tradebot-master\resultsnw50/kJThUjqYkeYVPLrq.png,0

C:\Users\USUARIO\Documents\tradebot-master\tradebot-master\resultsnw50/kJUWxckRQJosXmPj.png,1

C:\Users\USUARIO\Documents\tradebot-master\tradebot-master\resultsnw50/KkwnbRruIknVKaPr.png,1

C:\Users\USUARIO\Documents\tradebot-master\tradebot-master\resultsnw50/KMMsYBurvzWxckLD.png,0

C:\Users\USUARIO\Documents\tradebot-master\tradebot-master\resultsnw50/kNdrZFGUnrRKbDfp.png,0

C:\Users\USUARIO\Documents\tradebot-master\tradebot-master\resultsnw50/kOAzfcuKsVFFAxWJ.png,0

C:\Users\USUARIO\Documents\tradebot-master\tradebot-master\resultsnw50/KpTodMpLhztZHeQb.png,2

C:\Users\USUARIO\Documents\tradebot-master\tradebot-master\resultsnw50/KpWRqQQoBbFdnnEX.png,1

C:\Users\USUARIO\Documents\tradebot-master\tradebot-master\resultsnw50/kpybcmWLJTcpFpoA.png,2

C:\Users\USUARIO\Documents\tradebot-master\tradebot-master\resultsnw50/KrdvnNqJTQfIBHRh.png,1

C:\Users\USUARIO\Documents\tradebot-master\tradebot-master\resultsnw50/KSdflbOnbfpxqIGi.png,0

C:\Users\USUARIO\Documents\tradebot-master\tradebot-master\resultsnw50/KsvsexyVcBcbnzDw.png,0

C:\Users\USUARIO\Documents\tradebot-master\tradebot-master\resultsnw50/kswDLsQFVtVKaoJP.png,2

C:\Users\USUARIO\Documents\tradebot-master\tradebot-master\resultsnw50/KtIFHlPlpbQeAATg.png,1

C:\Users\USUARIO\Documents\tradebot-master\tradebot-master\resultsnw50/kwiIiCMabbNKugdF.png,0

C:\Users\USUARIO\Documents\tradebot-master\tradebot-master\resultsnw50/kXOhGtXBJMlciFGb.png,2

C:\Users\USUARIO\Documents\tradebot-master\tradebot-master\resultsnw50/kyClFCyUvusDaCDU.png,1

C:\Users\USUARIO\Documents\tradebot-master\tradebot-master\resultsnw50/LEgZKSisZGaAGLxq.png,0

C:\Users\USUARIO\Documents\tradebot-master\tradebot-master\resultsnw50/lffOTGOWKJgasyzF.png,1

C:\Users\USUARIO\Documents\tradebot-master\tradebot-master\resultsnw50/LKJepFmqXskKiyRY.png,0

C:\Users\USUARIO\Documents\tradebot-master\tradebot-master\resultsnw50/LlWQfjUNKJlbloqa.png,2

C:\Users\USUARIO\Documents\tradebot-master\tradebot-master\resultsnw50/lmuKRzcnuAegmQeX.png,1

C:\Users\USUARIO\Documents\tradebot-master\tradebot-master\resultsnw50/lNgtyVkNuVbSUfbt.png,1

C:\Users\USUARIO\Documents\tradebot-master\tradebot-master\resultsnw50/LqmGvrhWHPzFYXVU.png,2

C:\Users\USUARIO\Documents\tradebot-master\tradebot-master\resultsnw50/lrInPUyIUNxTkTGp.png,1

C:\Users\USUARIO\Documents\tradebot-master\tradebot-master\resultsnw50/LtCjKmkMdfvLtLmK.png,1

C:\Users\USUARIO\Documents\tradebot-master\tradebot-master\resultsnw50/LTRDiGXvBNzJHHjP.png,0

C:\Users\USUARIO\Documents\tradebot-master\tradebot-master\resultsnw50/lTwZHoUgIkSYwxxB.png,1

C:\Users\USUARIO\Documents\tradebot-master\tradebot-master\resultsnw50/LUfaKLVDebwMevYX.png,1

C:\Users\USUARIO\Documents\tradebot-master\tradebot-master\resultsnw50/LWIZrCkXDjfjBOEM.png,1

C:\Users\USUARIO\Documents\tradebot-master\tradebot-master\resultsnw50/LxbwNcJgWfsIvkik.png,0

C:\Users\USUARIO\Documents\tradebot-master\tradebot-master\resultsnw50/lxrpHzlVDgvFhznK.png,1

C:\Users\USUARIO\Documents\tradebot-master\tradebot-master\resultsnw50/lzRhcuGsEGmOQYsL.png,0

C:\Users\USUARIO\Documents\tradebot-master\tradebot-master\resultsnw50/McPIYdwcEipciBCE.png,2

C:\Users\USUARIO\Documents\tradebot-master\tradebot-master\resultsnw50/mDQouJSwbFxEWewY.png,2

C:\Users\USUARIO\Documents\tradebot-master\tradebot-master\resultsnw50/mdWNrgCLoncKAkkW.png,1

C:\Users\USUARIO\Documents\tradebot-master\tradebot-master\resultsnw50/MGlbpdpTJAjJWLaX.png,0

C:\Users\USUARIO\Documents\tradebot-master\tradebot-master\resultsnw50/MgTwdfpUjcGWgWVg.png,0

C:\Users\USUARIO\Documents\tradebot-master\tradebot-master\resultsnw50/MiSjzcmYVgckNnSr.png,2

C:\Users\USUARIO\Documents\tradebot-master\tradebot-master\resultsnw50/MkzUoIBGjHLlpVui.png,0

C:\Users\USUARIO\Documents\tradebot-master\tradebot-master\resultsnw50/MLapAFQYdKoPggPq.png,1

C:\Users\USUARIO\Documents\tradebot-master\tradebot-master\resultsnw50/mMYRgIppNsiPqZUt.png,2

C:\Users\USUARIO\Documents\tradebot-master\tradebot-master\resultsnw50/MtmkfjWrJwBdnSnR.png,0

C:\Users\USUARIO\Documents\tradebot-master\tradebot-master\resultsnw50/MvDeHVEzqvGLAjxA.png,1

C:\Users\USUARIO\Documents\tradebot-master\tradebot-master\resultsnw50/mwbnOWVKYjBfyiEh.png,2

C:\Users\USUARIO\Documents\tradebot-master\tradebot-master\resultsnw50/mxSlyWjjzuvQePUl.png,2

C:\Users\USUARIO\Documents\tradebot-master\tradebot-master\resultsnw50/NbbChlxVXtVqxAtD.png,0

C:\Users\USUARIO\Documents\tradebot-master\tradebot-master\resultsnw50/NkFAjhpaqDmVaCuA.png,2

C:\Users\USUARIO\Documents\tradebot-master\tradebot-master\resultsnw50/NMWZruCcBcirPOCp.png,1

C:\Users\USUARIO\Documents\tradebot-master\tradebot-master\resultsnw50/nnCyYspWgYpwBuJy.png,2

C:\Users\USUARIO\Documents\tradebot-master\tradebot-master\resultsnw50/NnmYxAZRJUSCvzql.png,0

C:\Users\USUARIO\Documents\tradebot-master\tradebot-master\resultsnw50/nOKFWXIxJhqjoNyZ.png,2

C:\Users\USUARIO\Documents\tradebot-master\tradebot-master\resultsnw50/nPnQvCniHPXCpAPD.png,0

C:\Users\USUARIO\Documents\tradebot-master\tradebot-master\resultsnw50/nRooYZXBTBaODuli.png,1

C:\Users\USUARIO\Documents\tradebot-master\tradebot-master\resultsnw50/ntQsGicOBgpICGYA.png,0

C:\Users\USUARIO\Documents\tradebot-master\tradebot-master\resultsnw50/NuNxPvSiMjqmwzPe.png,1

C:\Users\USUARIO\Documents\tradebot-master\tradebot-master\resultsnw50/nYBpFhnkrZKNJpDS.png,1

C:\Users\USUARIO\Documents\tradebot-master\tradebot-master\resultsnw50/NyYOCxUBkdhJvxQG.png,1

C:\Users\USUARIO\Documents\tradebot-master\tradebot-master\resultsnw50/NzHpjDiLGdWpYlrF.png,0

C:\Users\USUARIO\Documents\tradebot-master\tradebot-master\resultsnw50/ObzwMvNxBshEOttp.png,1

C:\Users\USUARIO\Documents\tradebot-master\tradebot-master\resultsnw50/OcTdMETLATihvuPL.png,1

C:\Users\USUARIO\Documents\tradebot-master\tradebot-master\resultsnw50/OHBzAKuqLkUYZSqf.png,2

C:\Users\USUARIO\Documents\tradebot-master\tradebot-master\resultsnw50/OiwUwuCoWkJNTbvU.png,2

C:\Users\USUARIO\Documents\tradebot-master\tradebot-master\resultsnw50/OIyJtUEkmZhQpYjm.png,1

C:\Users\USUARIO\Documents\tradebot-master\tradebot-master\resultsnw50/oJwQUodwHtjJbjMl.png,0

C:\Users\USUARIO\Documents\tradebot-master\tradebot-master\resultsnw50/ONCujFAniIjzjlrv.png,1

C:\Users\USUARIO\Documents\tradebot-master\tradebot-master\resultsnw50/OOcUfzBtyvxNUVrt.png,0

C:\Users\USUARIO\Documents\tradebot-master\tradebot-master\resultsnw50/orCrvNzaGKKkcQFq.png,2

C:\Users\USUARIO\Documents\tradebot-master\tradebot-master\resultsnw50/ownTvJBySukTEakc.png,0

C:\Users\USUARIO\Documents\tradebot-master\tradebot-master\resultsnw50/OzDRwIYUnkzjalKu.png,1

C:\Users\USUARIO\Documents\tradebot-master\tradebot-master\resultsnw50/OZsOnqcbCPFbVbKO.png,0

C:\Users\USUARIO\Documents\tradebot-master\tradebot-master\resultsnw50/OzXhfZvdcbmvYCtl.png,1

C:\Users\USUARIO\Documents\tradebot-master\tradebot-master\resultsnw50/paoQoQkdqHIvjGOS.png,0

C:\Users\USUARIO\Documents\tradebot-master\tradebot-master\resultsnw50/pApZNXtCuXaKysGa.png,1

C:\Users\USUARIO\Documents\tradebot-master\tradebot-master\resultsnw50/PDzdTMyZdzQryzXQ.png,0

C:\Users\USUARIO\Documents\tradebot-master\tradebot-master\resultsnw50/pEUkAvfkVnIAuCcG.png,0

C:\Users\USUARIO\Documents\tradebot-master\tradebot-master\resultsnw50/pFINzBidZQciMKUv.png,1

C:\Users\USUARIO\Documents\tradebot-master\tradebot-master\resultsnw50/pIhwngAKrihzUcjJ.png,0

C:\Users\USUARIO\Documents\tradebot-master\tradebot-master\resultsnw50/PJuNpIExXRRdRwme.png,2

C:\Users\USUARIO\Documents\tradebot-master\tradebot-master\resultsnw50/pKWKuQrgnhtWIBqb.png,0

C:\Users\USUARIO\Documents\tradebot-master\tradebot-master\resultsnw50/plCSnebTobAfogdp.png,0

C:\Users\USUARIO\Documents\tradebot-master\tradebot-master\resultsnw50/pmvlAtDXlgAkzKDx.png,2

C:\Users\USUARIO\Documents\tradebot-master\tradebot-master\resultsnw50/PMZcvbqLxbGjQfbf.png,1

C:\Users\USUARIO\Documents\tradebot-master\tradebot-master\resultsnw50/ppHLwTwXSQPNNoFq.png,0

C:\Users\USUARIO\Documents\tradebot-master\tradebot-master\resultsnw50/PqDrxmIPRutmYyux.png,2

C:\Users\USUARIO\Documents\tradebot-master\tradebot-master\resultsnw50/ptajOfFDoHjXVPFz.png,2

C:\Users\USUARIO\Documents\tradebot-master\tradebot-master\resultsnw50/PvMGmiiuYDagcGIV.png,0

C:\Users\USUARIO\Documents\tradebot-master\tradebot-master\resultsnw50/PWKMLeBGyMLurAGX.png,1

C:\Users\USUARIO\Documents\tradebot-master\tradebot-master\resultsnw50/QcJPOskjXSufipqh.png,0

C:\Users\USUARIO\Documents\tradebot-master\tradebot-master\resultsnw50/QCKFZdfIBLhVVTGD.png,0

C:\Users\USUARIO\Documents\tradebot-master\tradebot-master\resultsnw50/QDrYplRayzQkHJCx.png,2

C:\Users\USUARIO\Documents\tradebot-master\tradebot-master\resultsnw50/QFTVXGomUTnLJhSX.png,1

C:\Users\USUARIO\Documents\tradebot-master\tradebot-master\resultsnw50/qgCXHdISkESCOvpI.png,0

C:\Users\USUARIO\Documents\tradebot-master\tradebot-master\resultsnw50/qGdiBCVomJiZHcCh.png,0

C:\Users\USUARIO\Documents\tradebot-master\tradebot-master\resultsnw50/qGyjCIhxzYMwsYcX.png,2

C:\Users\USUARIO\Documents\tradebot-master\tradebot-master\resultsnw50/qLbaQrfoiKNMAeOz.png,0

C:\Users\USUARIO\Documents\tradebot-master\tradebot-master\resultsnw50/qMLfMrDWpRcRdVXE.png,1

C:\Users\USUARIO\Documents\tradebot-master\tradebot-master\resultsnw50/qnfMzRNRVOrejIut.png,1

C:\Users\USUARIO\Documents\tradebot-master\tradebot-master\resultsnw50/qNGonPIubIBznNCk.png,0

C:\Users\USUARIO\Documents\tradebot-master\tradebot-master\resultsnw50/qQQtdTeDOMaCWUAi.png,2

C:\Users\USUARIO\Documents\tradebot-master\tradebot-master\resultsnw50/qqTLiimVKezeRxxJ.png,2

C:\Users\USUARIO\Documents\tradebot-master\tradebot-master\resultsnw50/QUzNbFRxZhzbQXdX.png,1

C:\Users\USUARIO\Documents\tradebot-master\tradebot-master\resultsnw50/QvCjxbeyZUVTDize.png,0

C:\Users\USUARIO\Documents\tradebot-master\tradebot-master\resultsnw50/QVKvAHsmJgKxvaoH.png,0

C:\Users\USUARIO\Documents\tradebot-master\tradebot-master\resultsnw50/qwXOuLgkKCVrfbqg.png,2

C:\Users\USUARIO\Documents\tradebot-master\tradebot-master\resultsnw50/QXmOAxwOEXnmcVck.png,1

C:\Users\USUARIO\Documents\tradebot-master\tradebot-master\resultsnw50/qxozRLgNnaItCych.png,0

C:\Users\USUARIO\Documents\tradebot-master\tradebot-master\resultsnw50/qyAQolbDMeRyvQoL.png,0

C:\Users\USUARIO\Documents\tradebot-master\tradebot-master\resultsnw50/qYLHDlqtgSHAbizE.png,2

C:\Users\USUARIO\Documents\tradebot-master\tradebot-master\resultsnw50/RAzQyIDbVAHZAgvo.png,1

C:\Users\USUARIO\Documents\tradebot-master\tradebot-master\resultsnw50/rbaKGUQNOWAMahjY.png,1

C:\Users\USUARIO\Documents\tradebot-master\tradebot-master\resultsnw50/rdbeNqJdZMPpUWKS.png,1

C:\Users\USUARIO\Documents\tradebot-master\tradebot-master\resultsnw50/RdrWdhqcCwASbyxp.png,0

C:\Users\USUARIO\Documents\tradebot-master\tradebot-master\resultsnw50/ReUsfYURonzIbTCV.png,2

C:\Users\USUARIO\Documents\tradebot-master\tradebot-master\resultsnw50/rGiDfRgdLcacknLM.png,1

C:\Users\USUARIO\Documents\tradebot-master\tradebot-master\resultsnw50/rgTHobTpgtEzoilB.png,1

C:\Users\USUARIO\Documents\tradebot-master\tradebot-master\resultsnw50/RguBYjFQxUxfafOx.png,0

C:\Users\USUARIO\Documents\tradebot-master\tradebot-master\resultsnw50/RhzrcrwEDgXVIluH.png,2

C:\Users\USUARIO\Documents\tradebot-master\tradebot-master\resultsnw50/rjixVudDekntDYOp.png,1

C:\Users\USUARIO\Documents\tradebot-master\tradebot-master\resultsnw50/RkoTajtpKRIqKYeN.png,1

C:\Users\USUARIO\Documents\tradebot-master\tradebot-master\resultsnw50/rlaVokEFePdUsFQD.png,2

C:\Users\USUARIO\Documents\tradebot-master\tradebot-master\resultsnw50/rMzTSoUZrhAgJoWy.png,2

C:\Users\USUARIO\Documents\tradebot-master\tradebot-master\resultsnw50/RpvOepsjXFIyjxMr.png,0

C:\Users\USUARIO\Documents\tradebot-master\tradebot-master\resultsnw50/RPyxzLHyYkbCWnog.png,1

C:\Users\USUARIO\Documents\tradebot-master\tradebot-master\resultsnw50/rQBijyobqprwvgtI.png,0

C:\Users\USUARIO\Documents\tradebot-master\tradebot-master\resultsnw50/RRfjriLZuUBGPqka.png,0

C:\Users\USUARIO\Documents\tradebot-master\tradebot-master\resultsnw50/rrqYwpEkrAlArePH.png,0

C:\Users\USUARIO\Documents\tradebot-master\tradebot-master\resultsnw50/RrrudzSPqaiGpEjw.png,0

C:\Users\USUARIO\Documents\tradebot-master\tradebot-master\resultsnw50/RryrmnbZAzRKQaEl.png,0

C:\Users\USUARIO\Documents\tradebot-master\tradebot-master\resultsnw50/RTatlWxMvGRtgMBA.png,1

C:\Users\USUARIO\Documents\tradebot-master\tradebot-master\resultsnw50/rtcsSGEemdgoKuWI.png,0

C:\Users\USUARIO\Documents\tradebot-master\tradebot-master\resultsnw50/rwbGHtBmyFbxajxc.png,1

C:\Users\USUARIO\Documents\tradebot-master\tradebot-master\resultsnw50/RWninuOtiEBnxZgY.png,1

C:\Users\USUARIO\Documents\tradebot-master\tradebot-master\resultsnw50/rwolwdFwKaAyimWx.png,2

C:\Users\USUARIO\Documents\tradebot-master\tradebot-master\resultsnw50/rxZHaBzQnidOWTWX.png,0

C:\Users\USUARIO\Documents\tradebot-master\tradebot-master\resultsnw50/SamFHCDAkSkmiStf.png,0

C:\Users\USUARIO\Documents\tradebot-master\tradebot-master\resultsnw50/SaoRxyUUMeNbZdVG.png,0

C:\Users\USUARIO\Documents\tradebot-master\tradebot-master\resultsnw50/SAYkRzXrLSptjYpo.png,2

C:\Users\USUARIO\Documents\tradebot-master\tradebot-master\resultsnw50/shVmkZunscnxOOiF.png,0

C:\Users\USUARIO\Documents\tradebot-master\tradebot-master\resultsnw50/sIWImjKRnaVlEGgy.png,0

C:\Users\USUARIO\Documents\tradebot-master\tradebot-master\resultsnw50/sktwmrQJAopQMVaV.png,0

C:\Users\USUARIO\Documents\tradebot-master\tradebot-master\resultsnw50/slbfHmnSmbrSbNUg.png,1

C:\Users\USUARIO\Documents\tradebot-master\tradebot-master\resultsnw50/smnbRIVVUCEBUkJR.png,2

C:\Users\USUARIO\Documents\tradebot-master\tradebot-master\resultsnw50/smwHqvwNgNrqKemd.png,0

C:\Users\USUARIO\Documents\tradebot-master\tradebot-master\resultsnw50/SNDcAJtpPhqVSmKj.png,2

C:\Users\USUARIO\Documents\tradebot-master\tradebot-master\resultsnw50/sNuyaCwxFjQLNsyV.png,2

C:\Users\USUARIO\Documents\tradebot-master\tradebot-master\resultsnw50/SoKKnezpSjeMUbpG.png,1

C:\Users\USUARIO\Documents\tradebot-master\tradebot-master\resultsnw50/SpabBhraGMOcujto.png,1

C:\Users\USUARIO\Documents\tradebot-master\tradebot-master\resultsnw50/SrfMUvpbdWaGCQPY.png,2

C:\Users\USUARIO\Documents\tradebot-master\tradebot-master\resultsnw50/SuHKOkRNMDyVzKUZ.png,1

C:\Users\USUARIO\Documents\tradebot-master\tradebot-master\resultsnw50/sUVyCBOlHPIBgjHB.png,0

C:\Users\USUARIO\Documents\tradebot-master\tradebot-master\resultsnw50/SUxmZTUouZXWydFQ.png,0

C:\Users\USUARIO\Documents\tradebot-master\tradebot-master\resultsnw50/swlMUzumkwmXXHYZ.png,1

C:\Users\USUARIO\Documents\tradebot-master\tradebot-master\resultsnw50/SXDkGBAkeXrHnrcQ.png,1

C:\Users\USUARIO\Documents\tradebot-master\tradebot-master\resultsnw50/SXJIklapZebYgokK.png,0

C:\Users\USUARIO\Documents\tradebot-master\tradebot-master\resultsnw50/SyGwmfngcmynMtJh.png,2

C:\Users\USUARIO\Documents\tradebot-master\tradebot-master\resultsnw50/syOqzkzOLJuimbOC.png,0

C:\Users\USUARIO\Documents\tradebot-master\tradebot-master\resultsnw50/sYSKqYKBHGonwSmb.png,0

C:\Users\USUARIO\Documents\tradebot-master\tradebot-master\resultsnw50/syyqVJclYPOvXwqw.png,0

C:\Users\USUARIO\Documents\tradebot-master\tradebot-master\resultsnw50/TbaOPJgmYPtzvQqt.png,2

C:\Users\USUARIO\Documents\tradebot-master\tradebot-master\resultsnw50/TdFVvkZaViafQZoy.png,2

C:\Users\USUARIO\Documents\tradebot-master\tradebot-master\resultsnw50/tevqAypbHtTHAOcf.png,1

C:\Users\USUARIO\Documents\tradebot-master\tradebot-master\resultsnw50/TgkoFpPPDxdeQNcJ.png,0

C:\Users\USUARIO\Documents\tradebot-master\tradebot-master\resultsnw50/TlbHdzyTbtfeLmAi.png,0

C:\Users\USUARIO\Documents\tradebot-master\tradebot-master\resultsnw50/tLkcZfLvSiFcgwtp.png,2

C:\Users\USUARIO\Documents\tradebot-master\tradebot-master\resultsnw50/tmKpwcOfHlpnDotH.png,2

C:\Users\USUARIO\Documents\tradebot-master\tradebot-master\resultsnw50/TMoBzIkMcdhMHiRc.png,2

C:\Users\USUARIO\Documents\tradebot-master\tradebot-master\resultsnw50/TNgFiJudaEiFoQDs.png,0

C:\Users\USUARIO\Documents\tradebot-master\tradebot-master\resultsnw50/tpIhCCJmPVpGQpsJ.png,0

C:\Users\USUARIO\Documents\tradebot-master\tradebot-master\resultsnw50/tqrAyFjHQKRZZEle.png,0

C:\Users\USUARIO\Documents\tradebot-master\tradebot-master\resultsnw50/tTawUhGSwZheMPbS.png,0

C:\Users\USUARIO\Documents\tradebot-master\tradebot-master\resultsnw50/ttuyThKBzaeQRylA.png,0

C:\Users\USUARIO\Documents\tradebot-master\tradebot-master\resultsnw50/tUzcPmvgwNjEJoHx.png,2

C:\Users\USUARIO\Documents\tradebot-master\tradebot-master\resultsnw50/tXkEcPnCuyOEPkTT.png,0

C:\Users\USUARIO\Documents\tradebot-master\tradebot-master\resultsnw50/tXKrcnCCJaMhyHiT.png,0

C:\Users\USUARIO\Documents\tradebot-master\tradebot-master\resultsnw50/TXpqNrOfRCaGZNpp.png,0

C:\Users\USUARIO\Documents\tradebot-master\tradebot-master\resultsnw50/tXrcKXBNcjDDfVub.png,1

C:\Users\USUARIO\Documents\tradebot-master\tradebot-master\resultsnw50/TYaZFPFWQusgNsLH.png,2

C:\Users\USUARIO\Documents\tradebot-master\tradebot-master\resultsnw50/TyHNkovOPFOXgglQ.png,2

C:\Users\USUARIO\Documents\tradebot-master\tradebot-master\resultsnw50/tYOgcVohVQzufULi.png,2

C:\Users\USUARIO\Documents\tradebot-master\tradebot-master\resultsnw50/TywpKhxiCYAsiTsY.png,0

C:\Users\USUARIO\Documents\tradebot-master\tradebot-master\resultsnw50/UADayQghADlByFcj.png,2

C:\Users\USUARIO\Documents\tradebot-master\tradebot-master\resultsnw50/uBergjFTYFsiGIJo.png,1

C:\Users\USUARIO\Documents\tradebot-master\tradebot-master\resultsnw50/UdyCJgYkYAkfPlDg.png,0

C:\Users\USUARIO\Documents\tradebot-master\tradebot-master\resultsnw50/UFZJCwIWHkIPwiJj.png,0

C:\Users\USUARIO\Documents\tradebot-master\tradebot-master\resultsnw50/ugAeDwmkeuvOMalH.png,0

C:\Users\USUARIO\Documents\tradebot-master\tradebot-master\resultsnw50/UHjqPYhLuSQleKSM.png,2

C:\Users\USUARIO\Documents\tradebot-master\tradebot-master\resultsnw50/ulfvkctZKwlISFLq.png,0

C:\Users\USUARIO\Documents\tradebot-master\tradebot-master\resultsnw50/uLrfzegzcONRvWrp.png,2

C:\Users\USUARIO\Documents\tradebot-master\tradebot-master\resultsnw50/UlTaWnjgsPqLRqdn.png,0
